dosage_label,n_patients
"(1,3)-béta-D-Glucane (CHUV 22)",1
"1,25-dihydroxy vitamine D (Calcitriole), immunochimie",13
"1,25-dihydroxycholécalciférol",2
25-hydroxy vitamine D (D2+D3),1713
3-méthoxytyramine,7
9-OH-rispéridone,1
ACTH  (Endocr.CHUV 21),6
"ADN bactérien, par broad-range PCR",1
ADN-Calréticuline-mutations exon 9,1
ADN-JAK-2 Mut/JAK-2 WT,3
ADN-JAK-2 PCR qualitative,8
ALAT,3167
ASAT,3168
Acinetobacter sp,1
Activité anti-Xa (Apixaban),12
Activité anti-Xa (apixaban),108
Activité anti-Xa (edoxaban),33
Activité anti-Xa (rivaroxaban),151
"Adenovirus, IgA, EIA, interprétation",3
"Adenovirus, IgA, EIA, qn",3
"Adenovirus, IgG, EIA, interprétation",3
"Adenovirus, IgG, EIA, qn",3
"Adénovirus, ADN, PCR, qn",1
Aerococcus sanguinicola,1
Aggregatibacter aphrophilus (Haemophilus a./para.),1
"Alanine aminotransférase (ALAT), Piccolo",29
"Albumine, Piccolo",29
Aldosterone couché CHUV-NES 211,5
Amoxicilline,3
"Amylase, Piccolo",29
Anticorps Anti JC Virus (Unilabs Copenhague 224),1
Antigène cryptococcique,1
"Aspartate aminotransférase (ASAT), Piccolo",29
Aspect,3
Aspect 1,1
"Aspergillus, Galactomannane, Ag, EIA, ql",5
"Aspergillus, Galactomannane, interprétation EIA",5
"Azote uréique dans le sang (BUN), Piccolo",41
B biol. moléculaire II,1
"BK (polyomavirus), ADN, PCR, qn",2
Bacteroides fragilis,1
Bacteroides uniformis,1
Bacteroides vulgatus,1
Bartonella Henselae (IMM Zurich 52),5
Beta-D-glucan Interprétation,1
"Beta-D-glucan, turbidimétrie",1
"Bilan ONCO NEURONAUX (Anti-Hu,Yo,Ri,CRMP5/CV2,Ma,Amphyphysin,Tr (Oxford 181)",3
"Bilirubine totale, Piccolo",29
"Borrelia burgdorferi, IgG anti-VLSE, qn (ICH 43)",9
"Borrelia burgdorferi, IgG, CLIA, ql",411
"Borrelia burgdorferi, IgG, Immunoblot, ql",17
"Borrelia burgdorferi, IgG, interprétation (CLIA)",411
"Borrelia burgdorferi, IgM, CLIA, ql",425
"Borrelia burgdorferi, IgM, IB, ql",39
"Borrelia burgdorferi, IgM, interprétation (CLIA)",425
"Brucella sp (melitensis, suis, canis, abortis), par PCR",2
Bâtonnets Gram-labiles,1
Bâtonnets Gram-négatifs,35
Bâtonnets Gram-positifs,1
"Bâtonnets, acridine orange",1
CA 125,8
CA 15-3,6
CA 19-9,16
CA 50 (SYNLAB GENEVE 77),1
CEA,12
CO2 total,566
"Calcium, Piccolo",27
Champignons,4
"Champignons, 5j. d'incubation BACTEC",9
"Chlamydia pneumoniae, IgG, CLIA, ql",1
"Chlamydia pneumoniae, IgG, EIA, ql",5
"Chlamydia pneumoniae, IgG, IF, qn",4
"Chlamydia pneumoniae, IgG, interprétation (CLIA)",1
"Chlamydia pneumoniae, IgG, interprétation (EIA)",5
"Chlamydia pneumoniae, IgM, IFA, qn (ZLM St Gall 35)",1
"Chlamydia trachomatis, IgG, EIA, ql",4
"Chlamydia trachomatis, IgG, IF, qn",1
"Chlamydia trachomatis, IgG, interprétation (EIA)",4
"Chlorures, Piccolo",14
"Ciclosporine, ECLIA",3
Citrobacter koseri (C.diversus),1
Citrobacter sp,1
"Clairance de la créatinine calculée, Cockroft et Gault",33
Clobazam et métabolites (IKC ZURICH 147),1
Clostridium tertium,1
Cocci Gram-positifs,1
Cocci Gram-positifs en amas,27
Cocci Gram-positifs en chainettes,6
"Cocci, acridine orange",1
Commentaire,5
"Coxiella Burnetii (FièvreQ), IgG phase 1, IFA, qn",1
"Coxiella Burnetii (FièvreQ), IgG phase 2, CLIA, ql",3
"Coxiella Burnetii (FièvreQ), IgG phase 2, IFA, qn",1
"Coxiella Burnetii (FièvreQ), IgG phase 2, interprétation (CLIA)",3
"Coxiella Burnetii (FièvreQ), IgM phase 1, IFA, qn",1
"Coxiella Burnetii (FièvreQ), IgM phase 2, CLIA. ql",3
"Coxiella Burnetii (FièvreQ), IgM phase 2, IFA, qn",1
"Coxiella Burnetii (FièvreQ), IgM phase 2, interprétation (CLIA)",3
"Coxiella burnetti (Fièvre Q), anticorps anti-, IF (ICH 43)",2
Coxiella burnetti anticorps anti-(IF) (ICH 43),2
"Creatinine, Piccolo",41
"Creatinine, iSTAT",7
Créatine Kinase-MB activité (CHUV 14),7
"Créatine kinase totale, Piccolo",31
Culture de mycobacteries (8 semaines),5
"Cytomégalovirus (CMV), Ig, test d'avidité (DIANALAB 175)",1
"Cytomégalovirus, IgG, EIA, ql",347
"Cytomégalovirus, IgG, interprétation (EIA)",347
"Cytomégalovirus, IgM, EIA, ql",333
"Cytomégalovirus, IgM, interprétation (EIA)",333
"Cytomégalovirus,ADN, PCR, qn",51
Céftazidime,1
D-dimères,313
"Dioxide de Carbone total (tCO2), Piccolo",14
"Encephalopathy Autoimmune evaluation, Serum (ENS1) (Mayo 127)",2
"Encephalopathy Autoimmune evaluation, Serum (ENS2) (Mayo 127)",8
"Entamoeba Histolytica IgG, EIA, ql",1
"Entamoeba Histolytica IgG, interprétation (EIA)",1
Enterobacter cloacae Complex,6
Enterococcus faecalis,3
Enterovirus (IMM BALE118),2
"Epstein-Barr EBNA, IgG, CLIA, ql",6
"Epstein-Barr EBNA, IgG, EIA, ql",352
"Epstein-Barr VCA, IgG, CLIA, ql",7
"Epstein-Barr VCA, IgG, EIA, ql",351
"Epstein-Barr VCA, IgM, CLIA, ql",6
"Epstein-Barr VCA, IgM, EIA, ql",352
"Epstein-Barr, ADN, PCR, qn",50
"Epstein-Barr, EIA, ql, interprétation (CLIA)",6
"Epstein-Barr, interprétation (EIA)",352
Erythroblastes,37
"Erythrocytes, pocH-100i",14
Escherichia coli,15
"Esomeprazole, LC-MS/MS",2
Exfoliatine A (MSSA),1
Exfoliatine B (MSSA),1
Expertise hématologique,42
FIP1L1-PDGFR (Inselspital 158),1
Flacon MycoF (bact ou champ),26
Flacon anaérobie,680
Flacon anaérobie 2,1
Flacon aérobie,678
Flacon aérobie 2,1
"G-Creatinine, ABL",2100
"G-FO2(I), ABL",2414
"G-Sga-FCOHb, ABL",825
"G-Sga-FHbF, ABL",11
"G-Sga-HCO3, ABL",766
"G-Sga-HCO3-(P,st), ABL",808
"G-Sga-bilirubine totale, ABL",166
"G-Sga-cBase(B), ABL",760
"G-Sga-cBase(Ecf), ABL",823
"G-Sga-calcium ionisé (7.4), ABL",756
"G-Sga-calcium ionisé, ABL",818
"G-Sga-chlorures, ABL",825
"G-Sga-ctCO2(B), ABL",741
"G-Sga-ctO2(B), ABL",816
"G-Sga-désoxyhémoglobine, ABL",825
"G-Sga-glucose, ABL",825
"G-Sga-hématocrite, ABL",822
"G-Sga-hémoglobine, ABL",826
"G-Sga-lactate, ABL",826
"G-Sga-mOsm, ABL",751
"G-Sga-méthémoglobine, ABL",825
"G-Sga-oxyhémoglobine, ABL",826
"G-Sga-p50, ABL",820
"G-Sga-pCO2 (mesuré), ABL",803
"G-Sga-pCO2(T°), ABL",826
"G-Sga-pH (mesuré), ABL",803
"G-Sga-pH(T°), ABL",826
"G-Sga-pO2 (mesuré), ABL",803
"G-Sga-pO2(A), ABL",594
"G-Sga-pO2(A-a), ABL",745
"G-Sga-pO2(T°), ABL",824
"G-Sga-pO2(a)/FO2(I), ABL",597
"G-Sga-pO2(a,T)/FO2(I), ABL",590
"G-Sga-pO2(a/A), ABL",594
"G-Sga-potassium, ABL",825
"G-Sga-sO2, ABL",826
"G-Sga-sodium, ABL",825
"G-Sgc-FCOHb, ABL",5
"G-Sgc-HCO3, ABL",4
"G-Sgc-HCO3-(P,st), ABL",5
"G-Sgc-cBase(B), ABL",4
"G-Sgc-cBase(Ecf), ABL",5
"G-Sgc-calcium ionisé (7.4), ABL",4
"G-Sgc-calcium ionisé, ABL",5
"G-Sgc-chlorures, ABL",5
"G-Sgc-ctCO2(B), ABL",4
"G-Sgc-ctO2(B), ABL",4
"G-Sgc-désoxyhémoglobine, ABL",4
"G-Sgc-glucose, ABL",5
"G-Sgc-hématocrite, ABL",5
"G-Sgc-hémoglobine, ABL",5
"G-Sgc-lactate, ABL",5
"G-Sgc-mOsm, ABL",4
"G-Sgc-méthémoglobine, ABL",5
"G-Sgc-oxyhémoglobine, ABL",5
"G-Sgc-p50, ABL",5
"G-Sgc-pCO2(T°), ABL",5
G-Sgc-pCO2(mesuré),5
"G-Sgc-pH(T°), ABL",5
"G-Sgc-pH(mesuré), ABL",5
"G-Sgc-pO2(A), ABL",2
"G-Sgc-pO2(A-a), ABL",4
"G-Sgc-pO2(T°), ABL",5
"G-Sgc-pO2(a)/FO2(I), ABL",2
"G-Sgc-pO2(a,T)/FO2(I), ABL",2
"G-Sgc-pO2(a/A), ABL",2
G-Sgc-pO2(mesuré),5
"G-Sgc-potassium, ABL",5
"G-Sgc-sO2, ABL",5
"G-Sgc-sodium, ABL",5
"G-Sgv-FCOHb, ABL",2081
"G-Sgv-FHbF, ABL",9
"G-Sgv-HCO3, ABL",2060
"G-Sgv-HCO3-(P,st), ABL",2064
"G-Sgv-bilirubine totale, ABL",56
"G-Sgv-cBase(B), ABL",2054
"G-Sgv-cBase(Ecf), ABL",2075
"G-Sgv-calcium ionisé (7.4), ABL",1984
"G-Sgv-calcium ionisé, ABL",2015
"G-Sgv-chlorures, ABL",2082
"G-Sgv-ctCO2(B), ABL",2044
"G-Sgv-ctO2(B), ABL",2061
"G-Sgv-désoxyhémoglobine, ABL",2084
"G-Sgv-glucose, ABL",2087
"G-Sgv-hématocrite, ABL",2072
"G-Sgv-hémoglobine, ABL",2087
"G-Sgv-lactate, ABL",2084
"G-Sgv-mOsm, ABL",2060
"G-Sgv-méthémoglobine, ABL",2085
"G-Sgv-oxyhémoglobine, ABL",2080
"G-Sgv-p50, ABL",2055
"G-Sgv-pCO2(T°), ABL",2076
"G-Sgv-pCO2(mesuré), ABL",2077
"G-Sgv-pH(T°), ABL",2084
"G-Sgv-pH(mesuré), ABL",2081
"G-Sgv-pO2(T°), ABL",2075
"G-Sgv-pO2(mesuré), ABL",2076
"G-Sgv-potassium, ABL",2083
"G-Sgv-sO2, ABL",2082
"G-Sgv-sodium, ABL",2083
"G-Sgvm-FCOHb, ABL",11
"G-Sgvm-HCO3, ABL",7
"G-Sgvm-HCO3-(P,st), ABL",7
"G-Sgvm-bilirubine totale, ABL",1
"G-Sgvm-cBase(B), ABL",8
"G-Sgvm-cBase(Ecf), ABL",12
"G-Sgvm-calcium ionisé (7.4), ABL",4
"G-Sgvm-calcium ionisé, ABL",3
"G-Sgvm-ctCO2(B), ABL",1
"G-Sgvm-ctO2(B), ABL",4
"G-Sgvm-désoxyhémoglobine, ABL",3
"G-Sgvm-glucose, ABL",6
"G-Sgvm-hématocrite, ABL",9
"G-Sgvm-hémoglobine, ABL",1
"G-Sgvm-lactate, ABL",8
"G-Sgvm-mOsm, ABL",1
"G-Sgvm-méthémoglobine, ABL",3
"G-Sgvm-oxyhémoglobine, ABL",11
"G-Sgvm-p50, ABL",9
"G-Sgvm-pCO2(T°), ABL",9
G-Sgvm-pCO2(mesuré),1
"G-Sgvm-pH(T°), ABL",7
"G-Sgvm-pH(mesuré), ABL",5
"G-Sgvm-pO2(T°), ABL",7
G-Sgvm-pO2(mesuré),8
"G-Sgvm-potassium, ABL",9
"G-Sgvm-sO2, ABL",9
"G-Sgvm-sodium, ABL",9
"G-T° corporelle, ABL",2415
"GAD65, anticorps anti- (AKI.ZURICH 124)",2
"Gamma glutamyltransférase, Piccolo",12
"Gamma-Glutamyltransférase (GGT), colorimétrie",38
Germes aérobies (bactériens),110
"Glucose, Piccolo",41
Goutte épaisse,4
Gène de régulation staph. agr type 2,1
HFR,657
HLA A*31:01,1
HLA B27 BM,1
HLA B27 SERO,1
HLA B51 BM,3
HLA B51 SERO,3
HLA-A*31:01,1
HLA-B*51,2
HPLC Hb A,14
HPLC Hb A2,14
HPLC Hb F,14
HPLC Hb S,2
"HTLV 1+2, Ig, EIA, ql",20
"HTLV 1+2, Ig, interprétation (EIA)",20
"Herpès humain, virus 6, ADN, PCR, ql",14
"Herpès humain, virus 6, ADN, PCR, qn",2
"Herpès humain, virus 6, IgG, IF, qn",50
"Herpès humain, virus 6, IgM, IF, qn",47
"Herpès humain, virus 8, ADN, PCR, ql",8
"Herpès simplex 1+2, ADN, PCR, ql",41
"Herpès simplex 1, IgG, EIA, interprétation",342
"Herpès simplex 1, IgG, EIA, ql",342
"Herpès simplex 1, IgM, EIA, interprétation",347
"Herpès simplex 1, IgM, EIA, ql",347
"Herpès simplex 2, IgG, EIA, interprétation",341
"Herpès simplex 2, IgG, EIA, ql",341
"Herpès simplex 2, IgM, EIA, interprétation",344
"Herpès simplex 2, IgM, EIA, ql",344
"Hélicobacter pylori, anticorps anti- (CERBA 110 client 04266M)",3
"Hélicobacter pylori, anticorps anti- (CERBA PARIS 110)",7
"Hélicobacter pylori, anticorps anti- (SYNLAB GENEVE 77)",1
"Hématocrite, Smart 546",1
"Hémoglobine libre, spectro-photométire, qn",29
"Hépatite B, ADN, PCR, qn",24
"Hépatite C, ARN, PCR, qn",42
"Hépatite D, Ig, EIA, interprétation",12
"Hépatite E, ARN, PCR ql",2
"IA2, anticorps anti- (AKI.ZURICH 124)",1
IEF Hb A,13
IEF Hb A2,13
IEF Hb F,13
IEF Hb anormale,13
IGF-1,6
IGF-BP3,1
INR,3215
"INR, CoaguCheck",2
"INR, turbodensitométrie",4
"INR, électrochimie",1
IRP,30
"IgA, anticorps anti - (CICR BERNE 75)",1
"Inhibiteur de type 1 des activateurs du plasminogène (PAI-1), antigène",1
Klebsiella aerogenes (anc. Enterobacter a.),1
Klebsiella oxytoca/Raoultella sp,2
Klebsiella pneumoniae complexe,5
LDL cholestérol calculé,2854
"Lacosamide, HPLC-MS/MS",8
Lactobacillus rhamnosus,1
"Lamotrigine, HPLC-MS/MS",6
"Leucocytes, pocH-100i",14
Levures,10
"Lymphocytes %, pocH-100i",14
"Lymphocytes absolus, pocH-100i",14
"Lévétiracétam, HPLC-MS/MS",25
MCH,3269
"MCH, pocH-100i",14
MCHC,3270
"MCHC, pocH-100i",14
MCV,3269
"MCV, pocH-100i",14
MPV,3260
"MPV, pocH-100i",14
Miansérine (Tolvon) Cery 144,1
"MuSK, anticorps anti- (WIMM 181)",2
"Muscle-Specific Kinase Autoantibody, Serum (MUSK) (Mayo 127)",2
"Myasthenia Gravis (MG) Evaluation with MuSK Reflex, Serum (MGRM) (Mayo 127)",3
Myasthenia Gravis /Lambert-Eaton Syndrome (MGL1) (Mayo 127),3
"Mycoplasma pneumoniae, IgG, EIA, interprétation",11
"Mycoplasma pneumoniae, IgG, EIA, qn",11
"Mycoplasma pneumoniae, IgM, EIA, interprétation",11
"Mycoplasma pneumoniae, IgM, EIA, qn",11
"Myelin Oligodendrocyte Glycoprotein (MOG-IgG1) FACS, Serum  (MOGFS) (Mayo 127)",3
"Neuromyelitis Optica (NMO)/Aquaporin-4-IgG (AQP4) FACS, Serum  (NMOFS) (Mayo 127)",4
"Neutrophile %, pocH-100i",14
"Neutrophiles absolu, pocH-100i",14
P-C1 inhibiteur fonctionnel,1
P-CK MB activité/CK totale,98
P-complément C3,1
P-complément C4,1
P-complément fraction C4d,2
P-créat.,1
P-créatine kinaseMB activité,105
P-eGFR (CKD-EPI),13
"P-microglobuline, bêta 2",28
"PF4-héparine, anticorps anti-",13
PSA libre,7
PSA total,38
PTT,3083
"Parvovirus B19, ADN, PCR, qn",4
"Parvovirus B19, anticorps IgG, CLIA, ql",11
"Parvovirus B19, anticorps IgG, interprétation (CLIA)",11
"Parvovirus B19, anticorps IgM, CLIA, ql",8
"Parvovirus B19, anticorps IgM, interprétation (CLIA)",8
"Phosphatase alcaline, Piccolo",12
"Pneumocoques sérotype 14, anticorps anti-, IgG (ECLIA)",3
"Pneumocoques sérotype 18C, anticorps anti-, IgG (ECLIA)",3
"Pneumocoques sérotype 19F, anticorps anti-, IgG (ECLIA)",1
"Pneumocoques sérotype 23F, anticorps anti-, IgG (ECLIA)",3
"Pneumocoques sérotype 4, anticorps anti-, IgG (ECLIA)",3
"Pneumocoques sérotype 6B, anticorps anti-, IgG (ECLIA)",3
"Pneumocoques sérotype 9V, anticorps anti-, IgG (ECLIA)",3
"Potassium, Piccolo",31
Prise capillaire (Hématologie),7
Proteus mirabilis,4
"Protéine C-Réactive  (CRP), Piccolo",31
"Protéines totales, Piccolo",12
Prégabaline  HPLC-MS/MS,1
Pseudomonas aeruginosa,3
Quick,2444
"Quick, turbodensitométrie",4
"Quick, électrochimie",1
Rapport albumine/globulines,171
"Recherche spéciale virus, PCR, ql",2
Ret-He,657
"Rickettsia conori, anticorps, anti- (ICH 43)",5
"Rickettsia mooseri/typhi, anticorps anti- (ICH 43)",3
Rénine concentration (ICH 204),2
"Rénine couché, Activité plasmatique (CHUV-NESS 211)",4
Résultat annulé,16
"Réticulocytes, microscopie",7
"S-ADN double brin (ADN db), anticorps anti-, IgG, CLIA",79
"S-ADN natif, anticorps anti-, IgG",59
"S-ANCA myéloperoxydase, anticorps anti-, IgG, CLIA",523
"S-ANCA protéinase 3, anticorps anti-, IgG, CLIA",523
"S-ATPase H+/K+ (c.pariétales) Elisa, anticorps anti-, IgG",4
S-Anti-streptolysine O,2
"S-BP180 NC16a IgG, anticorps anti-, IgG",1
"S-BP180, anticorps anti-, IgG",1
"S-BP230, anticorps anti-, IgG",2
"S-C1q, anticorps anti-, IgG",9
"S-CENP A/B dot, anticorps anti-, IgG, ql",16
"S-Cenp A/B dot, anticorps anti-, IgG, ql",2
"S-DFS-70 dot, anticorps anti-, IgG, ql",16
"S-DFS-70, anticorps anti-, IgG, CLIA",2
"S-EJ dot, anticorps anti-, IgG",4
"S-FTA IgG, qn",2
"S-FTA,qn",1
"S-GD1a, anticorps anti-, IgG",5
"S-GD1a, anticorps anti-, IgM",5
"S-GD1b, anticorps anti-, IgG",5
"S-GD1b, anticorps anti-, IgM",5
"S-GM1, anticorps anti-, IgG",5
"S-GM1, anticorps anti-, IgM",5
"S-GM2, anticorps anti-, IgG",5
"S-GM2, anticorps anti-, IgM",5
"S-GQ1b, anticorps anti-, IgG",5
"S-GQ1b, anticorps anti-, IgM",5
"S-Gliadine désaminée (DGP), anticorps anti-,IgG",1
"S-HMGCR dot, anticorps anti-, IgG",1
S-IL-1 Ra,27
S-IL-1 beta,10
S-IL-10,12
S-IL-17,10
S-IL-6,32
S-IL-8,28
S-IgA,389
S-IgD,3
S-IgE totales,22
S-IgG,387
S-IgG1,15
S-IgG1 %,15
S-IgG2,15
S-IgG2 %,15
S-IgG3,15
S-IgG3 %,15
S-IgG4,15
S-IgG4 %,15
S-IgM,384
"S-Jo-1 dot, anticorps anti-, IgG, ql",16
"S-Jo1 dot, anticorps anti-, IgG",17
"S-Ku dot, anticorps anti-, IgG, ql",2
"S-LC1 dot, anticorps anti-, IgG",11
"S-LKM, anticorps anti-, IgGAM",4
"S-LKM1 dot, anticorps anti-, IgG",11
"S-M2 dot, anticorps anti-, IgG",11
"S-MAG, anticorps anti-, IgM",2
"S-MBG (GBM), anticorps anti-, IgG, CLIA",3
"S-MBG (GBM), anticorps anti-, IgG, Immunodot",2
S-MCP-1,10
"S-MDA-5 dot, anticorps anti-, IgG",4
"S-Mi2 dot, anticorps anti-, IgG",4
"S-Mitochondrie M2 dot, anticorps anti-, IgG",13
"S-NMO, anticorps anti-, IgG",1
"S-NOR90 dot, anticorps anti-, IgG, ql",2
"S-NXP2 dot, anticorps anti-, IgG",4
"S-OJ dot, anticorps anti-, IgG",3
"S-Oesophage de cobaye, anticorps anti-, IgG",2
"S-Oesophage de singe, anticorps anti-, IgG",2
"S-PCNA dot, anticorps anti-, IgG, ql",16
"S-PL12 dot, anticorps anti-, IgG",17
"S-PL7 dot, anticorps anti-, IgG",17
"S-PM-Scl 100 dot, anticorps anti-, IgG, ql",18
"S-PM-Scl 75 dot, anticorps anti-, IgG, ql",2
"S-Peau clivée humaine, anticorps anti-, IgA",2
"S-Peau clivée humaine, anticorps anti-, IgG",2
"S-RNA Pol 3 dot, anticorps anti-, IgG, ql",2
"S-RPR,qn",17
"S-Ro 52kD dot, anticorps anti-, IgG, ql",16
"S-SAE1 dot, anticorps anti-, IgG",3
"S-SAE1-E2 dot, anticorps anti-, IgG",1
"S-SAE2 dot, anticorps anti-, IgG",3
"S-SLA dot, anticorps anti-, IgG",11
"S-SRP dot, anticorps anti-, IgG",17
"S-SSA 52 dot, anticorps anti-, IgG, ql",2
"S-SSA/Ro 60kD dot, anticorps anti-, IgG, ql",16
"S-SSB dot, anticorps anti-, IgG, ql",16
"S-Scl-70 dot, anticorps anti-, IgG, ql",18
"S-Sm dot, anticorps anti-, IgG, ql",16
"S-Sm/RNP dot, anticorps anti-, IgG, ql",16
"S-TIF1-gamma dot, anticorps anti-, IgG",4
S-TNF alpha,27
"S-TPPA,qn",26
"S-Th/T0 dot, anticorps anti-, IgG, ql",2
"S-Treponema Pallidum anticorps,  IgM, ql",13
"S-U1-RNP dot, anticorps anti-, IgG, ql",16
S-Voie classique Elisa (CH50),40
"S-actine dot, anticorps anti-, IgG",11
"S-actine, anticorps anti- (m.lisse), IgGAM",9
S-albumine,319
"S-aspergillus fumigatus (m3), anticorps anti-, IgG",1
"S-aspergillus fumigatus recombinant f1, m218, anticorps anti-, IgE",1
"S-aspergillus fumigatus recombinant f3, m220, anticorps anti-, IgE",1
"S-aspergillus fumigatus recombinant f4, m221, anticorps anti-, IgE",1
"S-aspergillus fumigatus recombinant f6, m222, anticorps anti-, IgE",1
"S-aspergillus fumigatus, anticorps anti-, IgG",1
"S-aspergillus fumigatus, m3, anticorps anti-, IgE",1
"S-aspergillus niger, anticorps anti-, IgG",1
S-chaînes légères libres kappa,43
S-chaînes légères libres lambda,43
"S-citrulliné, anticorps anti-peptide (CCP), IgG",23
"S-citrulliné, anticorps anti-peptide CCP3 (ACPA), IgG",5
S-complément C3,93
S-complément C4,94
S-cryoglobuline,39
S-cryoglobuline IgA,1
S-cryoglobuline IgG,3
S-cryoglobuline IgM,3
"S-cryoglobuline, immunofixation, interprétation",3
"S-cytoplasme neutrophiles, anticorps anti-, IgG, IFI",16
"S-facteur intrinsèque, anticorps anti-, IgG",4
S-facteurs rhumatoides fraction IgA,394
"S-facteurs rhumatoïdes, fraction IgM",461
"S-fibrillarine dot, anticorps anti-, IgG, ql",2
"S-fluorescence cytoplamique titre, anticorps anti-, IgG",18
S-fluorescence cytoplasmique aspect,17
S-fluorescence nucléaire aspect,235
"S-fluorescence nucléaire titre, anticorps anti-, IgG",550
"S-histones, anticorps anti-, IgG",27
"S-humidificateur, anticorps anti-, IgG",1
"S-immunofixation, interprétation",130
"S-mitochondries M2, anticorps anti-, IgG",4
"S-mitochondries, anticorps anti-, IgGAM",8
"S-nucléaires, anticorps anti-, IgG",3
"S-nucléoprotéines Jo1, anticorps anti-, IgG",18
"S-nucléoprotéines Jo1, anticorps anti-, IgG, CLIA",2
"S-nucléoprotéines SSA Ro52, anticorps anti-, IgG, CLIA",2
"S-nucléoprotéines SSA Ro60, anticorps anti-, IgG, CLIA",2
"S-nucléoprotéines SSA, anticorps anti-, IgG",20
"S-nucléoprotéines SSB, anticorps anti-, IgG",20
"S-nucléoprotéines SSB, anticorps anti-, IgG, CLIA",2
"S-nucléoprotéines Scl70, anticorps anti-, IgG",18
"S-nucléoprotéines Scl70, anticorps anti-, IgG, CLIA",2
"S-nucléoprotéines Sm, anticorps anti-, IgG",19
"S-nucléoprotéines Sm, anticorps anti-, IgG, CLIA",2
"S-nucléoprotéines dépistage, anticorps anti-, IgG",183
"S-nucléoprotéines immunoblot, anticorps anti-, IgG",1
"S-nucléoprotéines n-RNP, anticorps anti-, IgG",19
"S-nucléoprotéines n-RNP, anticorps anti-, IgG, CLIA",2
"S-nucléosomes, anticorps anti-, IgG",116
"S-pigeon (prot.plume,excré), anticorps anti-, IgG",1
"S-rRNP dot, anticorps anti-, IgG",13
S-rapport IgG/albumine,319
S-rapport kappa / lambda,43
"S-ribosomes P (r-RNP), anticorps anti-, IgG",6
"S-récepteur PLA2, anticorps anti-, IgG, Elisa",11
"S-récepteur TSH, anticorps anti-, IgG, ELISA",18
"S-récepteur acétylcholine, Elisa, anticorps anti-, IgG",6
"S-surrénales, anticorps anti-, IgG",1
"S-thyroglobuline, anticorps anti-, IgG",13
"S-thyropéroxydase, anticorps anti-, IgG",27
"S-transglutaminase tissulaire (tTG), anticorps anti-, IgA",11
S-tryptase,13
"S-tétanos, anticorps anti-, IgG par Elisa",1
"S-îlots de Langerhans, anticorps anti-, IgG",2
S. aureus méticilline-sensible (MSSA),13
"SARS CoV-2, Ig, ECLIA, interprétation",2
"SARS CoV-2, IgA, EIA, interprétation",7
"SARS CoV-2, IgG, EIA, interprétation",8
"SARS CoV-2, IgG, IFA, ql",7
"SARS CoV-2, anti-N Ig, ECLIA, interprétation",27
"SARS CoV-2, anti-S Ig, ECLIA, interprétation",29
"SARS-CoV-2, anti-N Ig, ECLIA, ql",22
"SARS-CoV-2, anti-S Ig, ECLIA, qn",25
"SARS-Coronavirus, Ig, ECLIA, ql",2
"SARS-Coronavirus, IgA, EIA, ql",7
"SARS-Coronavirus, IgG, EIA, ql",8
"SARS-Coronavirus, anti-N Ig, ECLIA, ql",5
"SARS-Coronavirus, anti-S Ig, ECLIA, qn",5
"Saccharomyces cerevisiae, anticorps, anti- (ASCA) (Insel BERN 205)",1
"Salmonella, anticorps anti- (ZLM SG 35)",2
"Screening Diabète 1, anti-(ZnT8, ilôts langerhans, Insuline, GAD65) (Zurich 125)",5
Sgv-CD19+ (LyB),1
Sgv-CD19+ (LyB) %,15
Sgv-CD19+ (LyB) nombre absolu,14
Sgv-CD3+ (LyT),1
Sgv-CD3+ (LyT) %,15
Sgv-CD3+ (LyT) nombre absolu,14
Sgv-CD4+ / CD3+ (sous-population LyT),1
Sgv-CD4+ / CD3+ (sous-population LyT)  %,1
Sgv-CD4+CD3+ (sous-population LyT) %,14
Sgv-CD4+CD3+ (sous-population LyT) nombre absolu,14
Sgv-CD45+ (Ly totaux),1
Sgv-CD56+ et CD16+  / CD3 - (NK) %,1
Sgv-CD56+ et CD16+ / CD3 - (NK),1
Sgv-CD56+CD16+ (NK) %,14
Sgv-CD56+CD16+ (NK) nombre absolu,14
Sgv-CD8+ / CD3+ (sous-population LyT),1
Sgv-CD8+ / CD3+ (sous-population LyT)  %,1
Sgv-CD8+CD3+ (sous-population LyT) %,14
Sgv-CD8+CD3+ (sous-population LyT) nombre absolu,14
Sgv-HLA-DR+ / CD3+ %,15
"Sgv-Ly totaux, nombre absolu",14
Sgv-aneuploïdie par QF-PCR,1
Sgv-antigène TB 1,48
Sgv-antigène TB 2,48
Sgv-contrôle négatif,48
Sgv-contrôle positif,48
Sgv-rapport CD4+ / CD8+,15
Sgv-résultat,48
"Sodium, Piccolo",31
"Staphylococcus aureus, MSSA ou MRSA, détermination en cours.",1
Staphylococcus epidermidis,17
Staphylococcus haemolyticus,2
Staphylococcus hominis,1
Staphylococcus pettenkoferi,1
Stenotrophomonas maltophilia,1
Streptococcus constellatus (groupe anginosus),1
Streptococcus gordonii (groupe mitis),1
Streptococcus mitis ou S. oralis  S. peroris S. pseudopneumoniae,2
"Sultiame, HPLC-MS/MS",1
Sérum amyloide A (ICH 204),2
T3 totale,201
T4 libre,284
T4 totale,6
TSH,2670
"Tacrolimus, ECLIA",5
Tg récupération,1
"Thrombocytes, numération, impédancemétrie",62
"Thrombocytes, pocH-100i",14
Toxine Panton-Valentine (MSSA),1
Toxine du toxic shock syndrome (MSSA),1
"Toxoplasma gondii, ADN, PCR, ql",2
"Toxoplasma gondii, IgG, EIA, qn",22
"Toxoplasma gondii, IgG, interprétation (EIA)",22
"Toxoplasma gondii, IgM, EIA, ql",11
"Toxoplasma gondii, IgM, interprétation (EIA)",11
Transferrine carboxy-déficiente (CDT),5
"Treponema anticorps-anti, Ig, EIA",478
"Treponema anticorps-anti, Ig, interprétation (EIA)",478
"Tropheryma whipplei, PCR (IMD Zurich 101)",2
Troponine T ultra sensible,774
U-alb/creat,1
"Urate, Piccolo",10
"VIH 1+2, Ig et Ag p24, CLIA, ql",554
"VIH 1+2, Ig et Ag p24, EIA, ql",14
"VIH1+2, Ig/Ag, interprétation (CLIA)",554
"VIH1+2, Ig/Ag, interprétation (EIA)",14
"VIH1, ARN, PCR, qn",27
"Varicella zoster, IgG, EIA, qn",337
"Varicella zoster, IgG, interprétation (EIA)",322
"Varicella zoster, IgM, EIA, ql",224
"Varicella zoster, IgM, EIA, qn",23
"Varicella zoster, IgM, interprétation (EIA)",247
Vitesse de sédimentation,1004
"Vitesse de sédimentation, Westergren",1
"West Nile virus, IgG, EIA, interprétation",3
"West Nile virus, IgG, EIA, ql",3
"West Nile virus, IgM, EIA, interprétation",3
"West Nile virus, IgM, EIA, ql",3
acanthocytes,25
acide méthylmalonique (LCCC CHUV 14),2
activité anti-FIIa (Argatroban),3
activité anti-FXa (HBPM),24
activité anti-FXa (HNF),84
activité anti-FXa (fondaparinux),2
activité anti-IIa (Dabigatran),13
"activité anti-Xa (HBPM), autre posologie",45
"activité anti-Xa (HBPM), thérapeutique, 1x /jour",13
"activité anti-Xa (HBPM), thérapeutique, 2x /jour",179
activité anti-Xa (HNF),296
acétone,5
adrénaline,2
"alanine aminotransférase (ALAT), colorimétrie",38
albumine,2701
"albumine, colorimétrie",35
aldolase,1
"alpha libre de la FSH, HCG, LH, TSH, sous-unité de - (CERBA 110 client 04266M)",1
"alpha libre de la FSH, HCG, LH, TSH, sous-unité de - (Cerba 110)",1
alpha-1-globulines,171
alpha-2-globulines,171
amikacine,1
amisulpride,1
ammonium,21
"amoxicilline, HPLC-MS/MS",1
amylase,152
amylase pancréatique (LCCC CHUV 14),1
"angiotensine, enzyme de conversion",5
"angiotensine, enzyme de conversion, cinétique IDS",21
anisochromie,334
anisocytose,451
anisocytose thrombocytaire,249
"antidépresseurs tricycliques, dépistage des, Immunodosage, ql",9
"antithrombine, activité",216
"antithrombine, antigène",20
"antitrypsine, alpha-1",6
apolipoprotéine A1,2
apolipoprotéine B,2
"apolipoprotéine B, rapport à l'apolipoprotéine A1",1
aripiprazole,1
"aripiprazole, LC-MS/MS",1
arsenic,1
ascorbate. vitamine C,1
"aspartate aminotransférase (ASAT), colorimétrie",38
"barbituriques, dépistage des, Immunodosage, ql",13
basophiles,2541
"basophiles, valeur absolue",9
basophiles-nb.abs,1190
"benzodiazépines, dépistage des, Immunodosage, ql",17
"benzoylecgonine (-me-cocaine), LC-MS/MS",2
beta-crosslaps,7
beta-hCG,11
"bilharziose, sérologie parasitaire (ITS BALE 61)",3
bilirubine conjuguée,3181
bilirubine totale,3185
"bilirubine totale, colorimétrie",38
blastes,11
blastes avec granulations,1
blastes bâtonnets d'Auer,1
"brucellose, aniticorps anti- (CERBA 110 client 04266M)",1
"brucellose, aniticorps anti- (CERBA PARIS 110)",5
bêta-globulines,171
"bêta2-glycoprotéine I, anticorps anti-, IgG",709
"bêta2-glycoprotéine I, anticorps anti-, IgM",709
calcitonine (CHUV 21),1
calcium corrigé,2577
calcium total,2574
"calcium total, colorimétrie",18
carbamazépine,3
"cardiolipine, anticorps anti-, IgG",716
"cardiolipine, anticorps anti-, IgM",716
cellules cibles,50
cellules en larmes,56
cellules lympho-plasmocytaires,4
cellules réparties,386
chlorures,702
chol.LDL/chol.HDL,2452
chol.tot./chol.HDL,2451
cholestérol HDL,2856
cholestérol non-HDL,403
cholestérol total,2858
cholinestérase,5
chromogranine A (CERBA PARIS 110),1
citalopram,2
"citalopram, LC-MS/MS",1
"citalopram, n-desmethyl, LC-MS/MS",1
clozapine,1
"cocaine, LC-MS/MS",1
"coccidioidomycose, anticorps anti- (IMM Zurich 95)",1
corps cétoniques,6
corps de Pappenheimer,1
corpuscules d'Howell-Jolly,7
cortisol,47
cryofibrinogène,1
créatine kinase totale,831
créatinine,3271
"créatinine, colorimétrie",65
cuivre,6
cyanocobalamine,2603
cystatine C,10
cysticercose (ITS BALE 61),2
céfépime,2
"céfépime, HPLC-MS/MS",3
céruloplasmine,5
desméthylcitalopram,2
desméthylescitalopram,4
desméthylmirtazapine,4
desméthylvenlafaxine,1
digoxine,31
dopamine,2
dosage Hb S par HPLC,1
déhydroaripiprazole,1
"déhydroépiandestérone, sulfate",1
délétion -3.7kb,12
délétion -4.2 kb,12
délétion 20.5 kb,12
délétion Fil,12
délétion Med,12
délétion SEA,12
délétion Thai,12
eGFR (CDK-EPI 2021),157
eGFR (CKD-EPI),3139
"eddp (-me-methadone), LC-MS/MS",1
elliptocytes,209
"encéphalite à tiques européenne, IgG, CLIA, interprétation",2
"encéphalite à tiques européenne, IgG, CLIA, ql",2
"encéphalite à tiques européenne, IgM, CLIA, interprétation",2
"encéphalite à tiques européenne, IgM, CLIA, ql",2
escitalopram,4
estradiol,4
everolimus,2
"facteur II, activité",24
"facteur IX, activité",11
"facteur V, activité",161
"facteur VII, activité",23
"facteur VII-X, activité",38
"facteur VIII, activité",20
"facteur X, activité",20
"facteur XI, activité",8
"facteur XII, activité",7
"facteur XIII, activité",2
"facteur von Willebrand, activité",3
"facteur von Willebrand, antigène",2
"facteurs VII et X, activité",77
falciformation,9
"fentanyl, LC-MS/MS",1
fer,407
"fer, colorimétrie",4
"ferritine, immunoturbidimétrie latex 2CP",8
"ferritine, immunoturbidimétrie latex, qn",535
fibrinogène,2890
"fibrinogène, antigène",3
flavine-adénine-dinucléotide,7
flavine-adénine-mononucléotide,7
"flucloxacilline, HPLC-MS/MS",1
"foetoprotéine, alpha 1",11
folates,2604
follitrophine,7
fragments,76
frottis,4
"galactosidase, alpha - (PED. SMK ZURICH 156)",5
"galactosidase, alpha - (PED. ZURICH 135)",1
gamma glutamyltranspept.,3151
gamma-globulines,171
gentamicine,5
glucose,2034
"glucose, PAP",44
glucose-6-phosphate déhydrogénase/hémoglobine totale,2
glycémie moyenne estimée,2683
"griffes du chat, maladie des - (IMM ZURICH 52)",4
gène delta,1
haptoglobine,108
"helminthiases Europe, dépistage - (IgG) (sans séjour tropical) (ITS BALE 61)",2
"helminthiases tropiques, dépistage - (IgG) (ITS BALE 61)",5
"histoplasmose, anticorps anti- (IMM ZURICH 52)",1
homocystéine,266
hormone anti-mullérienne,2
hypochromie,58
hématocrite,3271
"hématocrite, impédancemétrie",62
"hématocrite, pocH-100i",14
hémoglobine,3271
hémoglobine glyquée,2686
"hémoglobine glyquée (HbA1c), immunologique dagglutination latex",3
"hémoglobine, HemoCue 201",6
"hémoglobine, pocH-100i",14
"hémoglobine, spectrophotométrie",62
"hépatite A, Ig, EIA, qn",28
"hépatite A, Ig, interprétation (EIA)",43
"hépatite A, IgM, EIA, ql",30
"hépatite A, IgM, interprétation (EIA)",30
"hépatite B, ADN, PCR, qn",4
"hépatite B, Ag HBe, EIA, ql",9
"hépatite B, Ag HBe, interprétation (EIA)",9
"hépatite B, Ag HBs, EIA, ql",347
"hépatite B, Ag HBs, interprétation (EIA)",347
"hépatite B, anti-HBc, Ig, interprétation (EIA)",334
"hépatite B, anti-HBc, IgM, EIA, ql",25
"hépatite B, anti-HBc, IgM, interprétation (EIA)",25
"hépatite B, anti-HBe, Ig, interprétation (EIA)",5
"hépatite B, anti-HBs, Ig, EIA, qn",325
"hépatite B, anti-HBs, Ig, interprétation (EIA)",325
"hépatite C, ARN, PCR, qn",5
"hépatite C, Ig, EIA, ql",464
"hépatite C, Ig, Immunoblot, ql",4
"hépatite C, Ig, interprétation (EIA)",464
"hépatite C, génotype, amp.",1
"hépatite D, Ig, EIA, ql",14
"hépatite E, ARN, PCR ql",1
"hépatite E, ARN, PCR, ql",1
"hépatite E, IgG, EIA, interprétation",35
"hépatite E, IgG, EIA, ql",35
"hépatite E, IgG, Immunoblot, ql",9
"hépatite E, IgM, EIA, interprétation",30
"hépatite E, IgM, EIA, ql",30
"hépatite E, IgM, Immunoblot, ql",1
"imipénème, HPLC-MS/MS",2
index sTfR,308
indice de saturation,406
insuline,2
"insuline, anticorps anti - (SYNLAB GENEVE 77)",1
"irbesartan, LC-MS/MS",1
isopropanol,5
lactate,44
lactate deshydrogénase,591
"laudanosine, LC-MS/MS",1
leucocytes,3270
"leucocytes, numération, impédancemétrie",62
"lidocaine, LC-MS/MS",1
lipase,293
lipoprotéines (a),4
"lipoprotéines, électrophorèse des - (CERBA 110)",1
lithium,1
log.mesuré/ log.calculé,3
lorazepam (temesta) (LAVIGNY 45),1
lupus anticoagulant,717
lutrophine,8
lymphocytes,2541
"lymphocytes T CD3+, typisation, absolu",12
"lymphocytes T CD3+, typisation, relatif",12
"lymphocytes T CD4+, typisation, absolu",12
"lymphocytes T CD4+, typisation, relatif",12
"lymphocytes T CD8+, typisation, absolu",12
"lymphocytes T CD8+, typisation, relatif",12
lymphocytes atypiques indéterminés,3
lymphocytes encochés,3
lymphocytes polymorphes,15
lymphocytes pycnotiques,7
lymphocytes stimulés,192
"lymphocytes, absolu",12
"lymphocytes, valeur absolue",9
lymphocytes-nb.abs,2538
"légionella, anticorps anti - (St Gall 231)",3
lévétiracétam,1
macrocytes,45
magnésium total,2096
"malaria, antigènes",4
mercure,1
"methadone, LC-MS/MS",1
"metoprolol, LC-MS/MS",2
microcytes,39
microsphérocytes,27
"midazolam, LC-MS/MS",2
"midazolam, alpha-hydroxy, LC-MS/MS",2
mirtazapine,4
monocytes,2541
monocytes atypiques,1
monocytes jeunes,4
"monocytes, valeur absolue",9
monocytes-nb.abs,1190
morphologie érythrocytaire,12
mutation Leiden du facteur V,202
mutation du facteur II,198
mycophénolate mofetil,2
myéloblastes,6
myélocytes,132
myélocytes mûrs,6
mégalocytes,1
méropénème,1
"méropénème, HPLC-MS/MS",1
métamyélocytes,79
métanéphrine,7
métanéphrines libres CHUV 216,7
métanéphrines totales CHUV 216,4
méthanol,5
méthotrexate,2
neutro non seg.-nb.abs,388
neutro segmentes nb.abs,386
neutrophiles,2427
neutrophiles avec vacuoles,22
neutrophiles dégranulés,5
neutrophiles granulations fines,384
neutrophiles granulations grossières,7
neutrophiles granulations moyennes,209
neutrophiles hypersegmentés,40
neutrophiles non segmentés,9
"neutrophiles non segmentés, valeur absolue",9
neutrophiles non segmnt,389
neutrophiles segmentés,396
"neutrophiles segmentés, valeur absolue",9
neutrophiles à corps de Doehle,15
neutrophiles-nb abs,2424
"nifedepine, LC-MS/MS",1
noradrénaline,2
norclozapine,1
"norfentanyl, LC-MS/MS",1
normétanéphrine,7
norsertraline,4
ombres de Gumprecht,3
"ondancetron, LC-MS/MS",1
"oreillons, IgG, CLIA, ql",2
"oreillons, IgG, interprétation (CLIA)",2
"oreillons, IgM, CLIA, ql",2
"oreillons, IgM, interprétation (CLIA)",2
osmolalité calculée,1916
ovalocytes,71
oxazepam (seresta) (LAVIGNY 45),1
"oxazepam, LC-MS/MS",1
"paracetamol, LC-MS/MS",2
paracétamol,2
parathormone,86
paroxétine,5
peptide C,3
phosphatase alcaline,3154
"phosphatase alcaline (PAL), colorimétrie",38
phosphatase alcaline osseuse,1
phosphates,2066
phénobarbital,1
phénytoïne libre,1
phénytoïne totale,1
pipéracilline,5
plasminogène,1
plasmocytes,32
plomb,1
poikilocytose,319
polychromasie,255
ponctuations basophiles,11
potassium,3271
"potassium, potentiométrie",65
proBNP,2686
procalcitonine,123
progestérone,3
prolactine,10
prolactine  (dil. 1/10),2
prolactine (1/1),2
prolactine (après préc. PEG),2
prolactine (dil. 1/20),2
prolactine (dil. 1/5),2
promyélocytes,18
propeptide N-terminal du procollagène de type 1 total,4
"protéine C, antigène",3
"protéine C, chromogène",6
"protéine C, coagulante",235
protéine C-réactive,2899
"protéine C-réactive (CRP), immunoturbidimétrique latex CP",46
"protéine C-réactive, POCT",1
"protéine C-réactive, Smart 546",1
"protéine S libre, antigène",234
"protéine S totale, antigène",8
protéines,912
protéines sériques,171
préalbumine,813
"préalbumine, turbidimétrie",44
pyridoxal-5-phosphate,47
pyruvate kinase (ZURICH 145),1
quétiapine,2
rapport PSA lib/PSA tot,7
"recherche large de médicaments / drogues, LC-MS/MS",1
riboflavine,7
rispéridone,1
rispéridone+ 9-OH-rispéridone,1
"rocuronium, LC-MS/MS",2
"ropivacaine, LC-MS/MS",1
"rougeole, IgG, EIA, qn",2
"rougeole, IgG, interprétation (EIA)",2
"rougeole, IgM, EIA, ql",2
"rougeole, IgM, interprétation (EIA)",2
"récepteur soluble de la transferrine, immunoturbidimétrie latex, qn",319
résistance à la PCa,69
réticulocytes,657
réticulocytes-nb.abs,656
"rétinol, vitamine A",2
salicylates,1
sertraline,4
site de fixation du fer,407
sodium,3271
"sodium, potentiométrie",65
somatotrophine,2
stockage de cellules,1
stockage de plasma,5
stockage de sérum,1
stockage donneur,15
stomatocytes,22
sélénium,1
"t(15,17)(q24,q21) - PML ex3-RARA ex3",1
temps de Quick,787
temps de reptilase,1
temps de thrombine,7
testostérone,6
thiamine-pyro-phosphate,89
thrombocytes,3270
thrombocytes en amas,12
thrombocytes géants,58
"thrombocytes, anticorps anti-, circulants",1
thyroglobuline,1
"tocophérol, vitamine E",3
transferrine,6
trazodon + métabolites (trittico) (IKC ZURICH 147),3
"trichinellose, sérodiagnostic de la- (ITS BALE 61)",2
triglycérides,2859
triplication -3.7 kb,10
trou anionique,408
trypanosomose africaine (ITS BALE 61),2
urates,89
urée,3263
"urée, colorimétrie",60
valeur calculée,3
valeur mesurée,3
valproate,7
valproate libre,4
vancomycine,10
vancomycine en continu,1
venlafaxine,1
venlafaxine + desméthylvenlafaxine,1
vitamine PP (niacine) (ISV EPALINGES 60),1
voriconazole,2
zinc,5
"échinococcose ( E. multilocularis, kyste hydatique), sérologie parasitaire (UNI BERN 86)",2
"échinococcose (E. multilocularis, kyste alvéolaire), sérologie parasitaire (UNI BERN 86)",1
"échinococcose, IgE (ITS BALE 61)",2
échinocytes,9
"énolase, neurone spécifique - (SYNLAB GENEVE 77)",2
éosinophiles,2541
éosinophiles dégranulés,1
éosinophiles vacuolés,1
"éosinophiles, valeur absolue",9
éosinophiles-nb.abs,1190
érythroblastes,5
"érythrocytaires, alloanticorps anti- (SRK Bern 75)",1
érythrocytes,3270
érythrocytes en rouleaux,20
"érythrocytes, numération, impédancemétrie",62
éthanol,73
éthylène glycol,1
